[
{"type":"header","version":"5.0.2","comment":"Export to JSON plugin for PHPMyAdmin"},
{"type":"database","name":"exchange"},
{"type":"table","name":"cash","database":"exchange","data":
[
{"oper":"1","currencyCode":"EUR","amount":"21","insert_date":"2021-03-30 11:06:01"},
{"oper":"2","currencyCode":"USD","amount":"21","insert_date":"2021-03-30 11:06:01"},
{"oper":"3","currencyCode":"RUB","amount":"21","insert_date":"2021-03-30 11:06:01"},
{"oper":"4","currencyCode":"RON","amount":"21","insert_date":"2021-03-30 11:06:01"},
{"oper":"5","currencyCode":"UAH","amount":"21","insert_date":"2021-03-30 11:06:01"},
{"oper":"6","currencyCode":"AED","amount":"21","insert_date":"2021-03-30 11:06:01"},
{"oper":"7","currencyCode":"ALL","amount":"21","insert_date":"2021-03-30 11:06:01"},
{"oper":"8","currencyCode":"AMD","amount":"21","insert_date":"2021-03-30 11:06:01"},
{"oper":"9","currencyCode":"AUD","amount":"21","insert_date":"2021-03-30 11:06:01"},
{"oper":"10","currencyCode":"AZN","amount":"21","insert_date":"2021-03-30 11:06:01"},
{"oper":"11","currencyCode":"BGN","amount":"21","insert_date":"2021-03-30 11:06:01"},
{"oper":"12","currencyCode":"BYN","amount":"21","insert_date":"2021-03-30 11:06:01"},
{"oper":"13","currencyCode":"CAD","amount":"21","insert_date":"2021-03-30 11:06:01"},
{"oper":"14","currencyCode":"CHF","amount":"21","insert_date":"2021-03-30 11:06:01"},
{"oper":"15","currencyCode":"CNY","amount":"21","insert_date":"2021-03-30 11:06:01"},
{"oper":"16","currencyCode":"CZK","amount":"21","insert_date":"2021-03-30 11:06:01"},
{"oper":"17","currencyCode":"DKK","amount":"21","insert_date":"2021-03-30 11:06:01"},
{"oper":"18","currencyCode":"GBP","amount":"21","insert_date":"2021-03-30 11:06:01"},
{"oper":"19","currencyCode":"GEL","amount":"21","insert_date":"2021-03-30 11:06:01"},
{"oper":"20","currencyCode":"HKD","amount":"21","insert_date":"2021-03-30 11:06:01"},
{"oper":"21","currencyCode":"HRK","amount":"21","insert_date":"2021-03-30 11:06:01"},
{"oper":"22","currencyCode":"HUF","amount":"21","insert_date":"2021-03-30 11:06:01"},
{"oper":"23","currencyCode":"ILS","amount":"21","insert_date":"2021-03-30 11:06:01"},
{"oper":"24","currencyCode":"INR","amount":"21","insert_date":"2021-03-30 11:06:01"},
{"oper":"25","currencyCode":"ISK","amount":"21","insert_date":"2021-03-30 11:06:01"},
{"oper":"26","currencyCode":"JPY","amount":"21","insert_date":"2021-03-30 11:06:01"},
{"oper":"27","currencyCode":"KGS","amount":"21","insert_date":"2021-03-30 11:06:01"},
{"oper":"28","currencyCode":"KRW","amount":"21","insert_date":"2021-03-30 11:06:01"},
{"oper":"29","currencyCode":"KWD","amount":"21","insert_date":"2021-03-30 11:06:01"},
{"oper":"30","currencyCode":"KZT","amount":"21","insert_date":"2021-03-30 11:06:01"},
{"oper":"31","currencyCode":"MKD","amount":"21","insert_date":"2021-03-30 11:06:01"},
{"oper":"32","currencyCode":"MYR","amount":"21","insert_date":"2021-03-30 11:06:01"},
{"oper":"33","currencyCode":"NOK","amount":"21","insert_date":"2021-03-30 11:06:01"},
{"oper":"34","currencyCode":"NZD","amount":"21","insert_date":"2021-03-30 11:06:01"},
{"oper":"35","currencyCode":"PLN","amount":"21","insert_date":"2021-03-30 11:06:01"},
{"oper":"36","currencyCode":"RSD","amount":"21","insert_date":"2021-03-30 11:06:01"},
{"oper":"37","currencyCode":"SEK","amount":"21","insert_date":"2021-03-30 11:06:01"},
{"oper":"38","currencyCode":"TJS","amount":"21","insert_date":"2021-03-30 11:06:01"},
{"oper":"39","currencyCode":"TMT","amount":"21","insert_date":"2021-03-30 11:06:01"},
{"oper":"40","currencyCode":"TRY","amount":"21","insert_date":"2021-03-30 11:06:01"},
{"oper":"41","currencyCode":"UZS","amount":"21","insert_date":"2021-03-30 11:06:01"},
{"oper":"42","currencyCode":"XDR","amount":"21","insert_date":"2021-03-30 11:06:01"}
]
}
,{"type":"table","name":"exchangeentity","database":"exchange","data":
[
{"oper":"1","value":"21.1848","recvAmount":"1","finalValue":"21.1848"},
{"oper":"2","value":"21.1848","recvAmount":"1","finalValue":"21.1848"},
{"oper":"3","value":"17.9967","recvAmount":"1","finalValue":"17.9967"},
{"oper":"4","value":"0.2368","recvAmount":"1","finalValue":"0.2368"},
{"oper":"5","value":"4.322","recvAmount":"1","finalValue":"4.322"},
{"oper":"6","value":"0.6438","recvAmount":"1","finalValue":"0.6438"},
{"oper":"7","value":"4.8998","recvAmount":"1","finalValue":"4.8998"},
{"oper":"8","value":"1.7196","recvAmount":"10","finalValue":"17.196"},
{"oper":"9","value":"0.3394","recvAmount":"10","finalValue":"3.394"},
{"oper":"10","value":"13.7629","recvAmount":"1","finalValue":"13.7629"},
{"oper":"11","value":"10.6016","recvAmount":"1","finalValue":"10.6016"},
{"oper":"12","value":"10.8349","recvAmount":"1","finalValue":"10.8349"},
{"oper":"13","value":"6.8575","recvAmount":"1","finalValue":"6.8575"},
{"oper":"14","value":"14.3001","recvAmount":"1","finalValue":"14.3001"},
{"oper":"15","value":"19.1495","recvAmount":"1","finalValue":"19.1495"},
{"oper":"16","value":"2.7427","recvAmount":"1","finalValue":"2.7427"},
{"oper":"17","value":"0.8119","recvAmount":"1","finalValue":"0.8119"},
{"oper":"18","value":"2.849","recvAmount":"1","finalValue":"2.849"},
{"oper":"19","value":"24.8886","recvAmount":"1","finalValue":"24.8886"},
{"oper":"20","value":"5.3208","recvAmount":"1","finalValue":"5.3208"},
{"oper":"21","value":"2.3153","recvAmount":"1","finalValue":"2.3153"},
{"oper":"22","value":"2.7978","recvAmount":"1","finalValue":"2.7978"},
{"oper":"23","value":"5.838","recvAmount":"100","finalValue":"583.8"},
{"oper":"24","value":"5.3927","recvAmount":"1","finalValue":"5.3927"},
{"oper":"25","value":"2.4762","recvAmount":"10","finalValue":"24.762"},
{"oper":"26","value":"1.4049","recvAmount":"10","finalValue":"14.049"},
{"oper":"27","value":"16.4256","recvAmount":"100","finalValue":"1642.56"},
{"oper":"28","value":"2.1221","recvAmount":"10","finalValue":"21.221"},
{"oper":"29","value":"1.5903","recvAmount":"100","finalValue":"159.03"},
{"oper":"30","value":"59.5523","recvAmount":"1","finalValue":"59.5523"},
{"oper":"31","value":"0.4243","recvAmount":"10","finalValue":"4.243"},
{"oper":"32","value":"3.4405","recvAmount":"10","finalValue":"34.405"},
{"oper":"33","value":"4.3455","recvAmount":"1","finalValue":"4.3455"},
{"oper":"34","value":"2.0996","recvAmount":"1","finalValue":"2.0996"},
{"oper":"35","value":"12.6003","recvAmount":"1","finalValue":"12.6003"},
{"oper":"36","value":"4.5531","recvAmount":"1","finalValue":"4.5531"},
{"oper":"37","value":"18.019","recvAmount":"100","finalValue":"1801.9"},
{"oper":"38","value":"2.0729","recvAmount":"1","finalValue":"2.0729"},
{"oper":"39","value":"1.5927","recvAmount":"1","finalValue":"1.5927"},
{"oper":"40","value":"5.1419","recvAmount":"1","finalValue":"5.1419"},
{"oper":"41","value":"2.2029","recvAmount":"1","finalValue":"2.2029"},
{"oper":"42","value":"0.1714","recvAmount":"100","finalValue":"17.14"},
{"oper":"43","value":"25.5635","recvAmount":"1","finalValue":"25.5635"},
{"oper":"44","value":"21.1848","recvAmount":"1","finalValue":"21.1848"},
{"oper":"45","value":"17.9967","recvAmount":"1","finalValue":"17.9967"},
{"oper":"46","value":"0.2368","recvAmount":"1","finalValue":"0.2368"},
{"oper":"47","value":"4.322","recvAmount":"1","finalValue":"4.322"},
{"oper":"48","value":"0.6438","recvAmount":"1","finalValue":"0.6438"},
{"oper":"49","value":"4.8998","recvAmount":"1","finalValue":"4.8998"},
{"oper":"50","value":"1.7196","recvAmount":"10","finalValue":"17.196"},
{"oper":"51","value":"0.3394","recvAmount":"10","finalValue":"3.394"},
{"oper":"52","value":"13.7629","recvAmount":"1","finalValue":"13.7629"},
{"oper":"53","value":"10.6016","recvAmount":"1","finalValue":"10.6016"},
{"oper":"54","value":"10.8349","recvAmount":"1","finalValue":"10.8349"},
{"oper":"55","value":"6.8575","recvAmount":"1","finalValue":"6.8575"},
{"oper":"56","value":"14.3001","recvAmount":"1","finalValue":"14.3001"},
{"oper":"57","value":"19.1495","recvAmount":"1","finalValue":"19.1495"},
{"oper":"58","value":"2.7427","recvAmount":"1","finalValue":"2.7427"},
{"oper":"59","value":"0.8119","recvAmount":"1","finalValue":"0.8119"},
{"oper":"60","value":"2.849","recvAmount":"1","finalValue":"2.849"},
{"oper":"61","value":"24.8886","recvAmount":"1","finalValue":"24.8886"},
{"oper":"62","value":"5.3208","recvAmount":"1","finalValue":"5.3208"},
{"oper":"63","value":"2.3153","recvAmount":"1","finalValue":"2.3153"},
{"oper":"64","value":"2.7978","recvAmount":"1","finalValue":"2.7978"},
{"oper":"65","value":"5.838","recvAmount":"100","finalValue":"583.8"},
{"oper":"66","value":"5.3927","recvAmount":"1","finalValue":"5.3927"},
{"oper":"67","value":"2.4762","recvAmount":"10","finalValue":"24.762"},
{"oper":"68","value":"1.4049","recvAmount":"10","finalValue":"14.049"},
{"oper":"69","value":"16.4256","recvAmount":"100","finalValue":"1642.56"},
{"oper":"70","value":"2.1221","recvAmount":"10","finalValue":"21.221"},
{"oper":"71","value":"1.5903","recvAmount":"100","finalValue":"159.03"},
{"oper":"72","value":"59.5523","recvAmount":"1","finalValue":"59.5523"},
{"oper":"73","value":"0.4243","recvAmount":"10","finalValue":"4.243"},
{"oper":"74","value":"3.4405","recvAmount":"10","finalValue":"34.405"},
{"oper":"75","value":"4.3455","recvAmount":"1","finalValue":"4.3455"},
{"oper":"76","value":"2.0996","recvAmount":"1","finalValue":"2.0996"},
{"oper":"77","value":"12.6003","recvAmount":"1","finalValue":"12.6003"},
{"oper":"78","value":"4.5531","recvAmount":"1","finalValue":"4.5531"},
{"oper":"79","value":"18.019","recvAmount":"100","finalValue":"1801.9"},
{"oper":"80","value":"2.0729","recvAmount":"1","finalValue":"2.0729"},
{"oper":"81","value":"1.5927","recvAmount":"1","finalValue":"1.5927"},
{"oper":"82","value":"5.1419","recvAmount":"1","finalValue":"5.1419"},
{"oper":"83","value":"2.2029","recvAmount":"1","finalValue":"2.2029"},
{"oper":"84","value":"0.1714","recvAmount":"100","finalValue":"17.14"},
{"oper":"85","value":"25.5635","recvAmount":"1","finalValue":"25.5635"},
{"oper":"86","value":"21.1848","recvAmount":"1","finalValue":"21.1848"},
{"oper":"87","value":"17.9967","recvAmount":"1","finalValue":"17.9967"},
{"oper":"88","value":"0.2368","recvAmount":"1","finalValue":"0.2368"},
{"oper":"89","value":"4.322","recvAmount":"1","finalValue":"4.322"},
{"oper":"90","value":"0.6438","recvAmount":"1","finalValue":"0.6438"},
{"oper":"91","value":"4.8998","recvAmount":"1","finalValue":"4.8998"},
{"oper":"92","value":"1.7196","recvAmount":"10","finalValue":"17.196"},
{"oper":"93","value":"0.3394","recvAmount":"10","finalValue":"3.394"},
{"oper":"94","value":"13.7629","recvAmount":"1","finalValue":"13.7629"},
{"oper":"95","value":"10.6016","recvAmount":"1","finalValue":"10.6016"},
{"oper":"96","value":"10.8349","recvAmount":"1","finalValue":"10.8349"},
{"oper":"97","value":"6.8575","recvAmount":"1","finalValue":"6.8575"},
{"oper":"98","value":"14.3001","recvAmount":"1","finalValue":"14.3001"},
{"oper":"99","value":"19.1495","recvAmount":"1","finalValue":"19.1495"},
{"oper":"100","value":"2.7427","recvAmount":"1","finalValue":"2.7427"},
{"oper":"101","value":"0.8119","recvAmount":"1","finalValue":"0.8119"},
{"oper":"102","value":"2.849","recvAmount":"1","finalValue":"2.849"},
{"oper":"103","value":"24.8886","recvAmount":"1","finalValue":"24.8886"},
{"oper":"104","value":"5.3208","recvAmount":"1","finalValue":"5.3208"},
{"oper":"105","value":"2.3153","recvAmount":"1","finalValue":"2.3153"},
{"oper":"106","value":"2.7978","recvAmount":"1","finalValue":"2.7978"},
{"oper":"107","value":"5.838","recvAmount":"100","finalValue":"583.8"},
{"oper":"108","value":"5.3927","recvAmount":"1","finalValue":"5.3927"},
{"oper":"109","value":"2.4762","recvAmount":"10","finalValue":"24.762"},
{"oper":"110","value":"1.4049","recvAmount":"10","finalValue":"14.049"},
{"oper":"111","value":"16.4256","recvAmount":"100","finalValue":"1642.56"},
{"oper":"112","value":"2.1221","recvAmount":"10","finalValue":"21.221"},
{"oper":"113","value":"1.5903","recvAmount":"100","finalValue":"159.03"},
{"oper":"114","value":"59.5523","recvAmount":"1","finalValue":"59.5523"},
{"oper":"115","value":"0.4243","recvAmount":"10","finalValue":"4.243"},
{"oper":"116","value":"3.4405","recvAmount":"10","finalValue":"34.405"},
{"oper":"117","value":"4.3455","recvAmount":"1","finalValue":"4.3455"},
{"oper":"118","value":"2.0996","recvAmount":"1","finalValue":"2.0996"},
{"oper":"119","value":"12.6003","recvAmount":"1","finalValue":"12.6003"},
{"oper":"120","value":"4.5531","recvAmount":"1","finalValue":"4.5531"},
{"oper":"121","value":"18.019","recvAmount":"100","finalValue":"1801.9"},
{"oper":"122","value":"2.0729","recvAmount":"1","finalValue":"2.0729"},
{"oper":"123","value":"1.5927","recvAmount":"1","finalValue":"1.5927"},
{"oper":"124","value":"5.1419","recvAmount":"1","finalValue":"5.1419"},
{"oper":"125","value":"2.2029","recvAmount":"1","finalValue":"2.2029"},
{"oper":"126","value":"0.1714","recvAmount":"100","finalValue":"17.14"},
{"oper":"127","value":"25.5635","recvAmount":"1","finalValue":"25.5635"},
{"oper":"128","value":"21.1848","recvAmount":"1","finalValue":"21.1848"},
{"oper":"129","value":"17.9967","recvAmount":"1","finalValue":"17.9967"},
{"oper":"130","value":"0.2368","recvAmount":"1","finalValue":"0.2368"},
{"oper":"131","value":"4.322","recvAmount":"1","finalValue":"4.322"},
{"oper":"132","value":"0.6438","recvAmount":"1","finalValue":"0.6438"},
{"oper":"133","value":"4.8998","recvAmount":"1","finalValue":"4.8998"},
{"oper":"134","value":"1.7196","recvAmount":"10","finalValue":"17.196"},
{"oper":"135","value":"0.3394","recvAmount":"10","finalValue":"3.394"},
{"oper":"136","value":"13.7629","recvAmount":"1","finalValue":"13.7629"},
{"oper":"137","value":"10.6016","recvAmount":"1","finalValue":"10.6016"},
{"oper":"138","value":"10.8349","recvAmount":"1","finalValue":"10.8349"},
{"oper":"139","value":"6.8575","recvAmount":"1","finalValue":"6.8575"},
{"oper":"140","value":"14.3001","recvAmount":"1","finalValue":"14.3001"},
{"oper":"141","value":"19.1495","recvAmount":"1","finalValue":"19.1495"},
{"oper":"142","value":"2.7427","recvAmount":"1","finalValue":"2.7427"},
{"oper":"143","value":"0.8119","recvAmount":"1","finalValue":"0.8119"},
{"oper":"144","value":"2.849","recvAmount":"1","finalValue":"2.849"},
{"oper":"145","value":"24.8886","recvAmount":"1","finalValue":"24.8886"},
{"oper":"146","value":"5.3208","recvAmount":"1","finalValue":"5.3208"},
{"oper":"147","value":"2.3153","recvAmount":"1","finalValue":"2.3153"},
{"oper":"148","value":"2.7978","recvAmount":"1","finalValue":"2.7978"},
{"oper":"149","value":"5.838","recvAmount":"100","finalValue":"583.8"},
{"oper":"150","value":"5.3927","recvAmount":"1","finalValue":"5.3927"},
{"oper":"151","value":"2.4762","recvAmount":"10","finalValue":"24.762"},
{"oper":"152","value":"1.4049","recvAmount":"10","finalValue":"14.049"},
{"oper":"153","value":"16.4256","recvAmount":"100","finalValue":"1642.56"},
{"oper":"154","value":"2.1221","recvAmount":"10","finalValue":"21.221"},
{"oper":"155","value":"1.5903","recvAmount":"100","finalValue":"159.03"},
{"oper":"156","value":"59.5523","recvAmount":"1","finalValue":"59.5523"},
{"oper":"157","value":"0.4243","recvAmount":"10","finalValue":"4.243"},
{"oper":"158","value":"3.4405","recvAmount":"10","finalValue":"34.405"},
{"oper":"159","value":"4.3455","recvAmount":"1","finalValue":"4.3455"},
{"oper":"160","value":"2.0996","recvAmount":"1","finalValue":"2.0996"},
{"oper":"161","value":"12.6003","recvAmount":"1","finalValue":"12.6003"},
{"oper":"162","value":"4.5531","recvAmount":"1","finalValue":"4.5531"},
{"oper":"163","value":"18.019","recvAmount":"100","finalValue":"1801.9"},
{"oper":"164","value":"2.0729","recvAmount":"1","finalValue":"2.0729"},
{"oper":"165","value":"1.5927","recvAmount":"1","finalValue":"1.5927"},
{"oper":"166","value":"5.1419","recvAmount":"1","finalValue":"5.1419"},
{"oper":"167","value":"2.2029","recvAmount":"1","finalValue":"2.2029"},
{"oper":"168","value":"0.1714","recvAmount":"100","finalValue":"17.14"},
{"oper":"169","value":"25.5635","recvAmount":"1","finalValue":"25.5635"},
{"oper":"170","value":"21.1848","recvAmount":"1","finalValue":"21.1848"},
{"oper":"171","value":"17.9967","recvAmount":"1","finalValue":"17.9967"},
{"oper":"172","value":"0.2368","recvAmount":"1","finalValue":"0.2368"},
{"oper":"173","value":"4.322","recvAmount":"1","finalValue":"4.322"},
{"oper":"174","value":"0.6438","recvAmount":"1","finalValue":"0.6438"},
{"oper":"175","value":"4.8998","recvAmount":"1","finalValue":"4.8998"},
{"oper":"176","value":"1.7196","recvAmount":"10","finalValue":"17.196"},
{"oper":"177","value":"0.3394","recvAmount":"10","finalValue":"3.394"},
{"oper":"178","value":"13.7629","recvAmount":"1","finalValue":"13.7629"},
{"oper":"179","value":"10.6016","recvAmount":"1","finalValue":"10.6016"},
{"oper":"180","value":"10.8349","recvAmount":"1","finalValue":"10.8349"},
{"oper":"181","value":"6.8575","recvAmount":"1","finalValue":"6.8575"},
{"oper":"182","value":"14.3001","recvAmount":"1","finalValue":"14.3001"},
{"oper":"183","value":"19.1495","recvAmount":"1","finalValue":"19.1495"},
{"oper":"184","value":"2.7427","recvAmount":"1","finalValue":"2.7427"},
{"oper":"185","value":"0.8119","recvAmount":"1","finalValue":"0.8119"},
{"oper":"186","value":"2.849","recvAmount":"1","finalValue":"2.849"},
{"oper":"187","value":"24.8886","recvAmount":"1","finalValue":"24.8886"},
{"oper":"188","value":"5.3208","recvAmount":"1","finalValue":"5.3208"},
{"oper":"189","value":"2.3153","recvAmount":"1","finalValue":"2.3153"},
{"oper":"190","value":"2.7978","recvAmount":"1","finalValue":"2.7978"},
{"oper":"191","value":"5.838","recvAmount":"100","finalValue":"583.8"},
{"oper":"192","value":"5.3927","recvAmount":"1","finalValue":"5.3927"},
{"oper":"193","value":"2.4762","recvAmount":"10","finalValue":"24.762"},
{"oper":"194","value":"1.4049","recvAmount":"10","finalValue":"14.049"},
{"oper":"195","value":"16.4256","recvAmount":"100","finalValue":"1642.56"},
{"oper":"196","value":"2.1221","recvAmount":"10","finalValue":"21.221"},
{"oper":"197","value":"1.5903","recvAmount":"100","finalValue":"159.03"},
{"oper":"198","value":"59.5523","recvAmount":"1","finalValue":"59.5523"},
{"oper":"199","value":"0.4243","recvAmount":"10","finalValue":"4.243"},
{"oper":"200","value":"3.4405","recvAmount":"10","finalValue":"34.405"},
{"oper":"201","value":"4.3455","recvAmount":"1","finalValue":"4.3455"},
{"oper":"202","value":"2.0996","recvAmount":"1","finalValue":"2.0996"},
{"oper":"203","value":"12.6003","recvAmount":"1","finalValue":"12.6003"},
{"oper":"204","value":"4.5531","recvAmount":"1","finalValue":"4.5531"},
{"oper":"205","value":"18.019","recvAmount":"100","finalValue":"1801.9"},
{"oper":"206","value":"2.0729","recvAmount":"1","finalValue":"2.0729"},
{"oper":"207","value":"1.5927","recvAmount":"1","finalValue":"1.5927"},
{"oper":"208","value":"5.1419","recvAmount":"1","finalValue":"5.1419"},
{"oper":"209","value":"2.2029","recvAmount":"1","finalValue":"2.2029"},
{"oper":"210","value":"0.1714","recvAmount":"100","finalValue":"17.14"},
{"oper":"211","value":"25.5635","recvAmount":"1","finalValue":"25.5635"},
{"oper":"212","value":"21.1848","recvAmount":"1","finalValue":"21.1848"},
{"oper":"213","value":"17.9967","recvAmount":"1","finalValue":"17.9967"},
{"oper":"214","value":"0.2368","recvAmount":"1","finalValue":"0.2368"},
{"oper":"215","value":"4.322","recvAmount":"1","finalValue":"4.322"},
{"oper":"216","value":"0.6438","recvAmount":"1","finalValue":"0.6438"},
{"oper":"217","value":"4.8998","recvAmount":"1","finalValue":"4.8998"},
{"oper":"218","value":"1.7196","recvAmount":"10","finalValue":"17.196"},
{"oper":"219","value":"0.3394","recvAmount":"10","finalValue":"3.394"},
{"oper":"220","value":"13.7629","recvAmount":"1","finalValue":"13.7629"},
{"oper":"221","value":"10.6016","recvAmount":"1","finalValue":"10.6016"},
{"oper":"222","value":"10.8349","recvAmount":"1","finalValue":"10.8349"},
{"oper":"223","value":"6.8575","recvAmount":"1","finalValue":"6.8575"},
{"oper":"224","value":"14.3001","recvAmount":"1","finalValue":"14.3001"},
{"oper":"225","value":"19.1495","recvAmount":"1","finalValue":"19.1495"},
{"oper":"226","value":"2.7427","recvAmount":"1","finalValue":"2.7427"},
{"oper":"227","value":"0.8119","recvAmount":"1","finalValue":"0.8119"},
{"oper":"228","value":"2.849","recvAmount":"1","finalValue":"2.849"},
{"oper":"229","value":"24.8886","recvAmount":"1","finalValue":"24.8886"},
{"oper":"230","value":"5.3208","recvAmount":"1","finalValue":"5.3208"},
{"oper":"231","value":"2.3153","recvAmount":"1","finalValue":"2.3153"},
{"oper":"232","value":"2.7978","recvAmount":"1","finalValue":"2.7978"},
{"oper":"233","value":"5.838","recvAmount":"100","finalValue":"583.8"},
{"oper":"234","value":"5.3927","recvAmount":"1","finalValue":"5.3927"},
{"oper":"235","value":"2.4762","recvAmount":"10","finalValue":"24.762"},
{"oper":"236","value":"1.4049","recvAmount":"10","finalValue":"14.049"},
{"oper":"237","value":"16.4256","recvAmount":"100","finalValue":"1642.56"},
{"oper":"238","value":"2.1221","recvAmount":"10","finalValue":"21.221"},
{"oper":"239","value":"1.5903","recvAmount":"100","finalValue":"159.03"},
{"oper":"240","value":"59.5523","recvAmount":"1","finalValue":"59.5523"},
{"oper":"241","value":"0.4243","recvAmount":"10","finalValue":"4.243"},
{"oper":"242","value":"3.4405","recvAmount":"10","finalValue":"34.405"},
{"oper":"243","value":"4.3455","recvAmount":"1","finalValue":"4.3455"},
{"oper":"244","value":"2.0996","recvAmount":"1","finalValue":"2.0996"},
{"oper":"245","value":"12.6003","recvAmount":"1","finalValue":"12.6003"},
{"oper":"246","value":"4.5531","recvAmount":"1","finalValue":"4.5531"},
{"oper":"247","value":"18.019","recvAmount":"100","finalValue":"1801.9"},
{"oper":"248","value":"2.0729","recvAmount":"1","finalValue":"2.0729"},
{"oper":"249","value":"1.5927","recvAmount":"1","finalValue":"1.5927"},
{"oper":"250","value":"5.1419","recvAmount":"1","finalValue":"5.1419"},
{"oper":"251","value":"2.2029","recvAmount":"1","finalValue":"2.2029"},
{"oper":"252","value":"0.1714","recvAmount":"100","finalValue":"17.14"},
{"oper":"253","value":"25.5635","recvAmount":"1","finalValue":"25.5635"},
{"oper":"254","value":"21.1848","recvAmount":"1","finalValue":"21.1848"},
{"oper":"255","value":"17.9967","recvAmount":"1","finalValue":"17.9967"},
{"oper":"256","value":"0.2368","recvAmount":"1","finalValue":"0.2368"},
{"oper":"257","value":"4.322","recvAmount":"1","finalValue":"4.322"},
{"oper":"258","value":"0.6438","recvAmount":"1","finalValue":"0.6438"},
{"oper":"259","value":"4.8998","recvAmount":"1","finalValue":"4.8998"},
{"oper":"260","value":"1.7196","recvAmount":"10","finalValue":"17.196"},
{"oper":"261","value":"0.3394","recvAmount":"10","finalValue":"3.394"},
{"oper":"262","value":"13.7629","recvAmount":"1","finalValue":"13.7629"},
{"oper":"263","value":"10.6016","recvAmount":"1","finalValue":"10.6016"},
{"oper":"264","value":"10.8349","recvAmount":"1","finalValue":"10.8349"},
{"oper":"265","value":"6.8575","recvAmount":"1","finalValue":"6.8575"},
{"oper":"266","value":"14.3001","recvAmount":"1","finalValue":"14.3001"},
{"oper":"267","value":"19.1495","recvAmount":"1","finalValue":"19.1495"},
{"oper":"268","value":"2.7427","recvAmount":"1","finalValue":"2.7427"},
{"oper":"269","value":"0.8119","recvAmount":"1","finalValue":"0.8119"},
{"oper":"270","value":"2.849","recvAmount":"1","finalValue":"2.849"},
{"oper":"271","value":"24.8886","recvAmount":"1","finalValue":"24.8886"},
{"oper":"272","value":"5.3208","recvAmount":"1","finalValue":"5.3208"},
{"oper":"273","value":"2.3153","recvAmount":"1","finalValue":"2.3153"},
{"oper":"274","value":"2.7978","recvAmount":"1","finalValue":"2.7978"},
{"oper":"275","value":"5.838","recvAmount":"100","finalValue":"583.8"},
{"oper":"276","value":"5.3927","recvAmount":"1","finalValue":"5.3927"},
{"oper":"277","value":"2.4762","recvAmount":"10","finalValue":"24.762"},
{"oper":"278","value":"1.4049","recvAmount":"10","finalValue":"14.049"},
{"oper":"279","value":"16.4256","recvAmount":"100","finalValue":"1642.56"},
{"oper":"280","value":"2.1221","recvAmount":"10","finalValue":"21.221"},
{"oper":"281","value":"1.5903","recvAmount":"100","finalValue":"159.03"},
{"oper":"282","value":"59.5523","recvAmount":"1","finalValue":"59.5523"},
{"oper":"283","value":"0.4243","recvAmount":"10","finalValue":"4.243"},
{"oper":"284","value":"3.4405","recvAmount":"10","finalValue":"34.405"},
{"oper":"285","value":"4.3455","recvAmount":"1","finalValue":"4.3455"},
{"oper":"286","value":"2.0996","recvAmount":"1","finalValue":"2.0996"},
{"oper":"287","value":"12.6003","recvAmount":"1","finalValue":"12.6003"},
{"oper":"288","value":"4.5531","recvAmount":"1","finalValue":"4.5531"},
{"oper":"289","value":"18.019","recvAmount":"100","finalValue":"1801.9"},
{"oper":"290","value":"2.0729","recvAmount":"1","finalValue":"2.0729"},
{"oper":"291","value":"1.5927","recvAmount":"1","finalValue":"1.5927"},
{"oper":"292","value":"5.1419","recvAmount":"1","finalValue":"5.1419"},
{"oper":"293","value":"2.2029","recvAmount":"1","finalValue":"2.2029"},
{"oper":"294","value":"0.1714","recvAmount":"100","finalValue":"17.14"},
{"oper":"295","value":"25.5635","recvAmount":"1","finalValue":"25.5635"},
{"oper":"296","value":"21.1848","recvAmount":"1","finalValue":"21.1848"},
{"oper":"297","value":"17.9967","recvAmount":"1","finalValue":"17.9967"},
{"oper":"298","value":"0.2368","recvAmount":"1","finalValue":"0.2368"},
{"oper":"299","value":"4.322","recvAmount":"1","finalValue":"4.322"},
{"oper":"300","value":"0.6438","recvAmount":"1","finalValue":"0.6438"},
{"oper":"301","value":"4.8998","recvAmount":"1","finalValue":"4.8998"},
{"oper":"302","value":"1.7196","recvAmount":"10","finalValue":"17.196"},
{"oper":"303","value":"0.3394","recvAmount":"10","finalValue":"3.394"},
{"oper":"304","value":"13.7629","recvAmount":"1","finalValue":"13.7629"},
{"oper":"305","value":"10.6016","recvAmount":"1","finalValue":"10.6016"},
{"oper":"306","value":"10.8349","recvAmount":"1","finalValue":"10.8349"},
{"oper":"307","value":"6.8575","recvAmount":"1","finalValue":"6.8575"},
{"oper":"308","value":"14.3001","recvAmount":"1","finalValue":"14.3001"},
{"oper":"309","value":"19.1495","recvAmount":"1","finalValue":"19.1495"},
{"oper":"310","value":"2.7427","recvAmount":"1","finalValue":"2.7427"},
{"oper":"311","value":"0.8119","recvAmount":"1","finalValue":"0.8119"},
{"oper":"312","value":"2.849","recvAmount":"1","finalValue":"2.849"},
{"oper":"313","value":"24.8886","recvAmount":"1","finalValue":"24.8886"},
{"oper":"314","value":"5.3208","recvAmount":"1","finalValue":"5.3208"},
{"oper":"315","value":"2.3153","recvAmount":"1","finalValue":"2.3153"},
{"oper":"316","value":"2.7978","recvAmount":"1","finalValue":"2.7978"},
{"oper":"317","value":"5.838","recvAmount":"100","finalValue":"583.8"},
{"oper":"318","value":"5.3927","recvAmount":"1","finalValue":"5.3927"},
{"oper":"319","value":"2.4762","recvAmount":"10","finalValue":"24.762"},
{"oper":"320","value":"1.4049","recvAmount":"10","finalValue":"14.049"},
{"oper":"321","value":"16.4256","recvAmount":"100","finalValue":"1642.56"},
{"oper":"322","value":"2.1221","recvAmount":"10","finalValue":"21.221"},
{"oper":"323","value":"1.5903","recvAmount":"100","finalValue":"159.03"},
{"oper":"324","value":"59.5523","recvAmount":"1","finalValue":"59.5523"},
{"oper":"325","value":"0.4243","recvAmount":"10","finalValue":"4.243"},
{"oper":"326","value":"3.4405","recvAmount":"10","finalValue":"34.405"},
{"oper":"327","value":"4.3455","recvAmount":"1","finalValue":"4.3455"},
{"oper":"328","value":"2.0996","recvAmount":"1","finalValue":"2.0996"},
{"oper":"329","value":"12.6003","recvAmount":"1","finalValue":"12.6003"},
{"oper":"330","value":"4.5531","recvAmount":"1","finalValue":"4.5531"},
{"oper":"331","value":"18.019","recvAmount":"100","finalValue":"1801.9"},
{"oper":"332","value":"2.0729","recvAmount":"1","finalValue":"2.0729"},
{"oper":"333","value":"1.5927","recvAmount":"1","finalValue":"1.5927"},
{"oper":"334","value":"5.1419","recvAmount":"1","finalValue":"5.1419"},
{"oper":"335","value":"2.2029","recvAmount":"1","finalValue":"2.2029"},
{"oper":"336","value":"0.1714","recvAmount":"100","finalValue":"17.14"},
{"oper":"337","value":"25.5635","recvAmount":"1","finalValue":"25.5635"},
{"oper":"338","value":"21.1848","recvAmount":"1","finalValue":"21.1848"},
{"oper":"339","value":"17.9967","recvAmount":"1","finalValue":"17.9967"},
{"oper":"340","value":"0.2368","recvAmount":"1","finalValue":"0.2368"},
{"oper":"341","value":"4.322","recvAmount":"1","finalValue":"4.322"},
{"oper":"342","value":"0.6438","recvAmount":"1","finalValue":"0.6438"},
{"oper":"343","value":"4.8998","recvAmount":"1","finalValue":"4.8998"},
{"oper":"344","value":"1.7196","recvAmount":"10","finalValue":"17.196"},
{"oper":"345","value":"0.3394","recvAmount":"10","finalValue":"3.394"},
{"oper":"346","value":"13.7629","recvAmount":"1","finalValue":"13.7629"},
{"oper":"347","value":"10.6016","recvAmount":"1","finalValue":"10.6016"},
{"oper":"348","value":"10.8349","recvAmount":"1","finalValue":"10.8349"},
{"oper":"349","value":"6.8575","recvAmount":"1","finalValue":"6.8575"},
{"oper":"350","value":"14.3001","recvAmount":"1","finalValue":"14.3001"},
{"oper":"351","value":"19.1495","recvAmount":"1","finalValue":"19.1495"},
{"oper":"352","value":"2.7427","recvAmount":"1","finalValue":"2.7427"},
{"oper":"353","value":"0.8119","recvAmount":"1","finalValue":"0.8119"},
{"oper":"354","value":"2.849","recvAmount":"1","finalValue":"2.849"},
{"oper":"355","value":"24.8886","recvAmount":"1","finalValue":"24.8886"},
{"oper":"356","value":"5.3208","recvAmount":"1","finalValue":"5.3208"},
{"oper":"357","value":"2.3153","recvAmount":"1","finalValue":"2.3153"},
{"oper":"358","value":"2.7978","recvAmount":"1","finalValue":"2.7978"},
{"oper":"359","value":"5.838","recvAmount":"100","finalValue":"583.8"},
{"oper":"360","value":"5.3927","recvAmount":"1","finalValue":"5.3927"},
{"oper":"361","value":"2.4762","recvAmount":"10","finalValue":"24.762"},
{"oper":"362","value":"1.4049","recvAmount":"10","finalValue":"14.049"},
{"oper":"363","value":"16.4256","recvAmount":"100","finalValue":"1642.56"},
{"oper":"364","value":"2.1221","recvAmount":"10","finalValue":"21.221"},
{"oper":"365","value":"1.5903","recvAmount":"100","finalValue":"159.03"},
{"oper":"366","value":"59.5523","recvAmount":"1","finalValue":"59.5523"},
{"oper":"367","value":"0.4243","recvAmount":"10","finalValue":"4.243"},
{"oper":"368","value":"3.4405","recvAmount":"10","finalValue":"34.405"},
{"oper":"369","value":"4.3455","recvAmount":"1","finalValue":"4.3455"},
{"oper":"370","value":"2.0996","recvAmount":"1","finalValue":"2.0996"},
{"oper":"371","value":"12.6003","recvAmount":"1","finalValue":"12.6003"},
{"oper":"372","value":"4.5531","recvAmount":"1","finalValue":"4.5531"},
{"oper":"373","value":"18.019","recvAmount":"100","finalValue":"1801.9"},
{"oper":"374","value":"2.0729","recvAmount":"1","finalValue":"2.0729"},
{"oper":"375","value":"1.5927","recvAmount":"1","finalValue":"1.5927"},
{"oper":"376","value":"5.1419","recvAmount":"1","finalValue":"5.1419"},
{"oper":"377","value":"2.2029","recvAmount":"1","finalValue":"2.2029"},
{"oper":"378","value":"0.1714","recvAmount":"100","finalValue":"17.14"},
{"oper":"379","value":"25.5635","recvAmount":"1","finalValue":"25.5635"},
{"oper":"380","value":"21.1848","recvAmount":"1","finalValue":"21.1848"},
{"oper":"381","value":"17.9967","recvAmount":"1","finalValue":"17.9967"},
{"oper":"382","value":"0.2368","recvAmount":"1","finalValue":"0.2368"},
{"oper":"383","value":"4.322","recvAmount":"1","finalValue":"4.322"},
{"oper":"384","value":"0.6438","recvAmount":"1","finalValue":"0.6438"},
{"oper":"385","value":"4.8998","recvAmount":"1","finalValue":"4.8998"},
{"oper":"386","value":"1.7196","recvAmount":"10","finalValue":"17.196"},
{"oper":"387","value":"0.3394","recvAmount":"10","finalValue":"3.394"},
{"oper":"388","value":"13.7629","recvAmount":"1","finalValue":"13.7629"},
{"oper":"389","value":"10.6016","recvAmount":"1","finalValue":"10.6016"},
{"oper":"390","value":"10.8349","recvAmount":"1","finalValue":"10.8349"},
{"oper":"391","value":"6.8575","recvAmount":"1","finalValue":"6.8575"},
{"oper":"392","value":"14.3001","recvAmount":"1","finalValue":"14.3001"},
{"oper":"393","value":"19.1495","recvAmount":"1","finalValue":"19.1495"},
{"oper":"394","value":"2.7427","recvAmount":"1","finalValue":"2.7427"},
{"oper":"395","value":"0.8119","recvAmount":"1","finalValue":"0.8119"},
{"oper":"396","value":"2.849","recvAmount":"1","finalValue":"2.849"},
{"oper":"397","value":"24.8886","recvAmount":"1","finalValue":"24.8886"},
{"oper":"398","value":"5.3208","recvAmount":"1","finalValue":"5.3208"},
{"oper":"399","value":"2.3153","recvAmount":"1","finalValue":"2.3153"},
{"oper":"400","value":"2.7978","recvAmount":"1","finalValue":"2.7978"},
{"oper":"401","value":"5.838","recvAmount":"100","finalValue":"583.8"},
{"oper":"402","value":"5.3927","recvAmount":"1","finalValue":"5.3927"},
{"oper":"403","value":"2.4762","recvAmount":"10","finalValue":"24.762"},
{"oper":"404","value":"1.4049","recvAmount":"10","finalValue":"14.049"},
{"oper":"405","value":"16.4256","recvAmount":"100","finalValue":"1642.56"},
{"oper":"406","value":"2.1221","recvAmount":"10","finalValue":"21.221"},
{"oper":"407","value":"1.5903","recvAmount":"100","finalValue":"159.03"},
{"oper":"408","value":"59.5523","recvAmount":"1","finalValue":"59.5523"},
{"oper":"409","value":"0.4243","recvAmount":"10","finalValue":"4.243"},
{"oper":"410","value":"3.4405","recvAmount":"10","finalValue":"34.405"},
{"oper":"411","value":"4.3455","recvAmount":"1","finalValue":"4.3455"},
{"oper":"412","value":"2.0996","recvAmount":"1","finalValue":"2.0996"},
{"oper":"413","value":"12.6003","recvAmount":"1","finalValue":"12.6003"},
{"oper":"414","value":"4.5531","recvAmount":"1","finalValue":"4.5531"},
{"oper":"415","value":"18.019","recvAmount":"100","finalValue":"1801.9"},
{"oper":"416","value":"2.0729","recvAmount":"1","finalValue":"2.0729"},
{"oper":"417","value":"1.5927","recvAmount":"1","finalValue":"1.5927"},
{"oper":"418","value":"5.1419","recvAmount":"1","finalValue":"5.1419"},
{"oper":"419","value":"2.2029","recvAmount":"1","finalValue":"2.2029"},
{"oper":"420","value":"0.1714","recvAmount":"100","finalValue":"17.14"},
{"oper":"421","value":"25.5635","recvAmount":"1","finalValue":"25.5635"},
{"oper":"422","value":"21.1848","recvAmount":"1","finalValue":"21.1848"},
{"oper":"423","value":"17.9967","recvAmount":"1","finalValue":"17.9967"},
{"oper":"424","value":"0.2368","recvAmount":"1","finalValue":"0.2368"},
{"oper":"425","value":"4.322","recvAmount":"1","finalValue":"4.322"},
{"oper":"426","value":"0.6438","recvAmount":"1","finalValue":"0.6438"},
{"oper":"427","value":"4.8998","recvAmount":"1","finalValue":"4.8998"},
{"oper":"428","value":"1.7196","recvAmount":"10","finalValue":"17.196"},
{"oper":"429","value":"0.3394","recvAmount":"10","finalValue":"3.394"},
{"oper":"430","value":"13.7629","recvAmount":"1","finalValue":"13.7629"},
{"oper":"431","value":"10.6016","recvAmount":"1","finalValue":"10.6016"},
{"oper":"432","value":"10.8349","recvAmount":"1","finalValue":"10.8349"},
{"oper":"433","value":"6.8575","recvAmount":"1","finalValue":"6.8575"},
{"oper":"434","value":"14.3001","recvAmount":"1","finalValue":"14.3001"},
{"oper":"435","value":"19.1495","recvAmount":"1","finalValue":"19.1495"},
{"oper":"436","value":"2.7427","recvAmount":"1","finalValue":"2.7427"},
{"oper":"437","value":"0.8119","recvAmount":"1","finalValue":"0.8119"},
{"oper":"438","value":"2.849","recvAmount":"1","finalValue":"2.849"},
{"oper":"439","value":"24.8886","recvAmount":"1","finalValue":"24.8886"},
{"oper":"440","value":"5.3208","recvAmount":"1","finalValue":"5.3208"},
{"oper":"441","value":"2.3153","recvAmount":"1","finalValue":"2.3153"},
{"oper":"442","value":"2.7978","recvAmount":"1","finalValue":"2.7978"},
{"oper":"443","value":"5.838","recvAmount":"100","finalValue":"583.8"},
{"oper":"444","value":"5.3927","recvAmount":"1","finalValue":"5.3927"},
{"oper":"445","value":"2.4762","recvAmount":"10","finalValue":"24.762"},
{"oper":"446","value":"1.4049","recvAmount":"10","finalValue":"14.049"},
{"oper":"447","value":"16.4256","recvAmount":"100","finalValue":"1642.56"},
{"oper":"448","value":"2.1221","recvAmount":"10","finalValue":"21.221"},
{"oper":"449","value":"1.5903","recvAmount":"100","finalValue":"159.03"},
{"oper":"450","value":"59.5523","recvAmount":"1","finalValue":"59.5523"},
{"oper":"451","value":"0.4243","recvAmount":"10","finalValue":"4.243"},
{"oper":"452","value":"3.4405","recvAmount":"10","finalValue":"34.405"},
{"oper":"453","value":"4.3455","recvAmount":"1","finalValue":"4.3455"},
{"oper":"454","value":"2.0996","recvAmount":"1","finalValue":"2.0996"},
{"oper":"455","value":"12.6003","recvAmount":"1","finalValue":"12.6003"},
{"oper":"456","value":"4.5531","recvAmount":"1","finalValue":"4.5531"},
{"oper":"457","value":"18.019","recvAmount":"100","finalValue":"1801.9"},
{"oper":"458","value":"2.0729","recvAmount":"1","finalValue":"2.0729"},
{"oper":"459","value":"1.5927","recvAmount":"1","finalValue":"1.5927"},
{"oper":"460","value":"5.1419","recvAmount":"1","finalValue":"5.1419"},
{"oper":"461","value":"2.2029","recvAmount":"1","finalValue":"2.2029"},
{"oper":"462","value":"0.1714","recvAmount":"100","finalValue":"17.14"},
{"oper":"463","value":"25.5635","recvAmount":"1","finalValue":"25.5635"},
{"oper":"464","value":"21.1848","recvAmount":"1","finalValue":"21.1848"},
{"oper":"465","value":"17.9967","recvAmount":"1","finalValue":"17.9967"},
{"oper":"466","value":"0.2368","recvAmount":"1","finalValue":"0.2368"},
{"oper":"467","value":"4.322","recvAmount":"1","finalValue":"4.322"},
{"oper":"468","value":"0.6438","recvAmount":"1","finalValue":"0.6438"},
{"oper":"469","value":"4.8998","recvAmount":"1","finalValue":"4.8998"},
{"oper":"470","value":"1.7196","recvAmount":"10","finalValue":"17.196"},
{"oper":"471","value":"0.3394","recvAmount":"10","finalValue":"3.394"},
{"oper":"472","value":"13.7629","recvAmount":"1","finalValue":"13.7629"},
{"oper":"473","value":"10.6016","recvAmount":"1","finalValue":"10.6016"},
{"oper":"474","value":"10.8349","recvAmount":"1","finalValue":"10.8349"},
{"oper":"475","value":"6.8575","recvAmount":"1","finalValue":"6.8575"},
{"oper":"476","value":"14.3001","recvAmount":"1","finalValue":"14.3001"},
{"oper":"477","value":"19.1495","recvAmount":"1","finalValue":"19.1495"},
{"oper":"478","value":"2.7427","recvAmount":"1","finalValue":"2.7427"},
{"oper":"479","value":"0.8119","recvAmount":"1","finalValue":"0.8119"},
{"oper":"480","value":"2.849","recvAmount":"1","finalValue":"2.849"},
{"oper":"481","value":"24.8886","recvAmount":"1","finalValue":"24.8886"},
{"oper":"482","value":"5.3208","recvAmount":"1","finalValue":"5.3208"},
{"oper":"483","value":"2.3153","recvAmount":"1","finalValue":"2.3153"},
{"oper":"484","value":"2.7978","recvAmount":"1","finalValue":"2.7978"},
{"oper":"485","value":"5.838","recvAmount":"100","finalValue":"583.8"},
{"oper":"486","value":"5.3927","recvAmount":"1","finalValue":"5.3927"},
{"oper":"487","value":"2.4762","recvAmount":"10","finalValue":"24.762"},
{"oper":"488","value":"1.4049","recvAmount":"10","finalValue":"14.049"},
{"oper":"489","value":"16.4256","recvAmount":"100","finalValue":"1642.56"},
{"oper":"490","value":"2.1221","recvAmount":"10","finalValue":"21.221"},
{"oper":"491","value":"1.5903","recvAmount":"100","finalValue":"159.03"},
{"oper":"492","value":"59.5523","recvAmount":"1","finalValue":"59.5523"},
{"oper":"493","value":"0.4243","recvAmount":"10","finalValue":"4.243"},
{"oper":"494","value":"3.4405","recvAmount":"10","finalValue":"34.405"},
{"oper":"495","value":"4.3455","recvAmount":"1","finalValue":"4.3455"},
{"oper":"496","value":"2.0996","recvAmount":"1","finalValue":"2.0996"},
{"oper":"497","value":"12.6003","recvAmount":"1","finalValue":"12.6003"},
{"oper":"498","value":"4.5531","recvAmount":"1","finalValue":"4.5531"},
{"oper":"499","value":"18.019","recvAmount":"100","finalValue":"1801.9"},
{"oper":"500","value":"2.0729","recvAmount":"1","finalValue":"2.0729"},
{"oper":"501","value":"1.5927","recvAmount":"1","finalValue":"1.5927"},
{"oper":"502","value":"5.1419","recvAmount":"1","finalValue":"5.1419"},
{"oper":"503","value":"2.2029","recvAmount":"1","finalValue":"2.2029"},
{"oper":"504","value":"0.1714","recvAmount":"100","finalValue":"17.14"},
{"oper":"505","value":"25.5635","recvAmount":"1","finalValue":"25.5635"},
{"oper":"506","value":"21.1848","recvAmount":"1","finalValue":"21.1848"},
{"oper":"507","value":"17.9967","recvAmount":"1","finalValue":"17.9967"},
{"oper":"508","value":"0.2368","recvAmount":"1","finalValue":"0.2368"},
{"oper":"509","value":"4.322","recvAmount":"1","finalValue":"4.322"},
{"oper":"510","value":"0.6438","recvAmount":"1","finalValue":"0.6438"},
{"oper":"511","value":"4.8998","recvAmount":"1","finalValue":"4.8998"},
{"oper":"512","value":"1.7196","recvAmount":"10","finalValue":"17.196"},
{"oper":"513","value":"0.3394","recvAmount":"10","finalValue":"3.394"},
{"oper":"514","value":"13.7629","recvAmount":"1","finalValue":"13.7629"},
{"oper":"515","value":"10.6016","recvAmount":"1","finalValue":"10.6016"},
{"oper":"516","value":"10.8349","recvAmount":"1","finalValue":"10.8349"},
{"oper":"517","value":"6.8575","recvAmount":"1","finalValue":"6.8575"},
{"oper":"518","value":"14.3001","recvAmount":"1","finalValue":"14.3001"},
{"oper":"519","value":"19.1495","recvAmount":"1","finalValue":"19.1495"},
{"oper":"520","value":"2.7427","recvAmount":"1","finalValue":"2.7427"},
{"oper":"521","value":"0.8119","recvAmount":"1","finalValue":"0.8119"},
{"oper":"522","value":"2.849","recvAmount":"1","finalValue":"2.849"},
{"oper":"523","value":"24.8886","recvAmount":"1","finalValue":"24.8886"},
{"oper":"524","value":"5.3208","recvAmount":"1","finalValue":"5.3208"},
{"oper":"525","value":"2.3153","recvAmount":"1","finalValue":"2.3153"},
{"oper":"526","value":"2.7978","recvAmount":"1","finalValue":"2.7978"},
{"oper":"527","value":"5.838","recvAmount":"100","finalValue":"583.8"},
{"oper":"528","value":"5.3927","recvAmount":"1","finalValue":"5.3927"},
{"oper":"529","value":"2.4762","recvAmount":"10","finalValue":"24.762"},
{"oper":"530","value":"1.4049","recvAmount":"10","finalValue":"14.049"},
{"oper":"531","value":"16.4256","recvAmount":"100","finalValue":"1642.56"},
{"oper":"532","value":"2.1221","recvAmount":"10","finalValue":"21.221"},
{"oper":"533","value":"1.5903","recvAmount":"100","finalValue":"159.03"},
{"oper":"534","value":"59.5523","recvAmount":"1","finalValue":"59.5523"},
{"oper":"535","value":"0.4243","recvAmount":"10","finalValue":"4.243"},
{"oper":"536","value":"3.4405","recvAmount":"10","finalValue":"34.405"},
{"oper":"537","value":"4.3455","recvAmount":"1","finalValue":"4.3455"},
{"oper":"538","value":"2.0996","recvAmount":"1","finalValue":"2.0996"},
{"oper":"539","value":"12.6003","recvAmount":"1","finalValue":"12.6003"},
{"oper":"540","value":"4.5531","recvAmount":"1","finalValue":"4.5531"},
{"oper":"541","value":"18.019","recvAmount":"100","finalValue":"1801.9"},
{"oper":"542","value":"2.0729","recvAmount":"1","finalValue":"2.0729"},
{"oper":"543","value":"1.5927","recvAmount":"1","finalValue":"1.5927"},
{"oper":"544","value":"5.1419","recvAmount":"1","finalValue":"5.1419"},
{"oper":"545","value":"2.2029","recvAmount":"1","finalValue":"2.2029"},
{"oper":"546","value":"0.1714","recvAmount":"100","finalValue":"17.14"},
{"oper":"547","value":"25.5635","recvAmount":"1","finalValue":"25.5635"},
{"oper":"548","value":"21.1848","recvAmount":"1","finalValue":"21.1848"},
{"oper":"549","value":"17.9967","recvAmount":"1","finalValue":"17.9967"},
{"oper":"550","value":"0.2368","recvAmount":"1","finalValue":"0.2368"},
{"oper":"551","value":"4.322","recvAmount":"1","finalValue":"4.322"},
{"oper":"552","value":"0.6438","recvAmount":"1","finalValue":"0.6438"},
{"oper":"553","value":"4.8998","recvAmount":"1","finalValue":"4.8998"},
{"oper":"554","value":"1.7196","recvAmount":"10","finalValue":"17.196"},
{"oper":"555","value":"0.3394","recvAmount":"10","finalValue":"3.394"},
{"oper":"556","value":"13.7629","recvAmount":"1","finalValue":"13.7629"},
{"oper":"557","value":"10.6016","recvAmount":"1","finalValue":"10.6016"},
{"oper":"558","value":"10.8349","recvAmount":"1","finalValue":"10.8349"},
{"oper":"559","value":"6.8575","recvAmount":"1","finalValue":"6.8575"},
{"oper":"560","value":"14.3001","recvAmount":"1","finalValue":"14.3001"},
{"oper":"561","value":"19.1495","recvAmount":"1","finalValue":"19.1495"},
{"oper":"562","value":"2.7427","recvAmount":"1","finalValue":"2.7427"},
{"oper":"563","value":"0.8119","recvAmount":"1","finalValue":"0.8119"},
{"oper":"564","value":"2.849","recvAmount":"1","finalValue":"2.849"},
{"oper":"565","value":"24.8886","recvAmount":"1","finalValue":"24.8886"},
{"oper":"566","value":"5.3208","recvAmount":"1","finalValue":"5.3208"},
{"oper":"567","value":"2.3153","recvAmount":"1","finalValue":"2.3153"},
{"oper":"568","value":"2.7978","recvAmount":"1","finalValue":"2.7978"},
{"oper":"569","value":"5.838","recvAmount":"100","finalValue":"583.8"},
{"oper":"570","value":"5.3927","recvAmount":"1","finalValue":"5.3927"},
{"oper":"571","value":"2.4762","recvAmount":"10","finalValue":"24.762"},
{"oper":"572","value":"1.4049","recvAmount":"10","finalValue":"14.049"},
{"oper":"573","value":"16.4256","recvAmount":"100","finalValue":"1642.56"},
{"oper":"574","value":"2.1221","recvAmount":"10","finalValue":"21.221"},
{"oper":"575","value":"1.5903","recvAmount":"100","finalValue":"159.03"},
{"oper":"576","value":"59.5523","recvAmount":"1","finalValue":"59.5523"},
{"oper":"577","value":"0.4243","recvAmount":"10","finalValue":"4.243"},
{"oper":"578","value":"3.4405","recvAmount":"10","finalValue":"34.405"},
{"oper":"579","value":"4.3455","recvAmount":"1","finalValue":"4.3455"},
{"oper":"580","value":"2.0996","recvAmount":"1","finalValue":"2.0996"},
{"oper":"581","value":"12.6003","recvAmount":"1","finalValue":"12.6003"},
{"oper":"582","value":"4.5531","recvAmount":"1","finalValue":"4.5531"},
{"oper":"583","value":"18.019","recvAmount":"100","finalValue":"1801.9"},
{"oper":"584","value":"2.0729","recvAmount":"1","finalValue":"2.0729"},
{"oper":"585","value":"1.5927","recvAmount":"1","finalValue":"1.5927"},
{"oper":"586","value":"5.1419","recvAmount":"1","finalValue":"5.1419"},
{"oper":"587","value":"2.2029","recvAmount":"1","finalValue":"2.2029"},
{"oper":"588","value":"0.1714","recvAmount":"100","finalValue":"17.14"},
{"oper":"589","value":"25.5635","recvAmount":"1","finalValue":"25.5635"},
{"oper":"590","value":"21.1848","recvAmount":"1","finalValue":"21.1848"},
{"oper":"591","value":"17.9967","recvAmount":"1","finalValue":"17.9967"},
{"oper":"592","value":"0.2368","recvAmount":"1","finalValue":"0.2368"},
{"oper":"593","value":"4.322","recvAmount":"1","finalValue":"4.322"},
{"oper":"594","value":"0.6438","recvAmount":"1","finalValue":"0.6438"},
{"oper":"595","value":"4.8998","recvAmount":"1","finalValue":"4.8998"},
{"oper":"596","value":"1.7196","recvAmount":"10","finalValue":"17.196"},
{"oper":"597","value":"0.3394","recvAmount":"10","finalValue":"3.394"},
{"oper":"598","value":"13.7629","recvAmount":"1","finalValue":"13.7629"},
{"oper":"599","value":"10.6016","recvAmount":"1","finalValue":"10.6016"},
{"oper":"600","value":"10.8349","recvAmount":"1","finalValue":"10.8349"},
{"oper":"601","value":"6.8575","recvAmount":"1","finalValue":"6.8575"},
{"oper":"602","value":"14.3001","recvAmount":"1","finalValue":"14.3001"},
{"oper":"603","value":"19.1495","recvAmount":"1","finalValue":"19.1495"},
{"oper":"604","value":"2.7427","recvAmount":"1","finalValue":"2.7427"},
{"oper":"605","value":"0.8119","recvAmount":"1","finalValue":"0.8119"},
{"oper":"606","value":"2.849","recvAmount":"1","finalValue":"2.849"},
{"oper":"607","value":"24.8886","recvAmount":"1","finalValue":"24.8886"},
{"oper":"608","value":"5.3208","recvAmount":"1","finalValue":"5.3208"},
{"oper":"609","value":"2.3153","recvAmount":"1","finalValue":"2.3153"},
{"oper":"610","value":"2.7978","recvAmount":"1","finalValue":"2.7978"},
{"oper":"611","value":"5.838","recvAmount":"100","finalValue":"583.8"},
{"oper":"612","value":"5.3927","recvAmount":"1","finalValue":"5.3927"},
{"oper":"613","value":"2.4762","recvAmount":"10","finalValue":"24.762"},
{"oper":"614","value":"1.4049","recvAmount":"10","finalValue":"14.049"},
{"oper":"615","value":"16.4256","recvAmount":"100","finalValue":"1642.56"},
{"oper":"616","value":"2.1221","recvAmount":"10","finalValue":"21.221"},
{"oper":"617","value":"1.5903","recvAmount":"100","finalValue":"159.03"},
{"oper":"618","value":"59.5523","recvAmount":"1","finalValue":"59.5523"},
{"oper":"619","value":"0.4243","recvAmount":"10","finalValue":"4.243"},
{"oper":"620","value":"3.4405","recvAmount":"10","finalValue":"34.405"},
{"oper":"621","value":"4.3455","recvAmount":"1","finalValue":"4.3455"},
{"oper":"622","value":"2.0996","recvAmount":"1","finalValue":"2.0996"},
{"oper":"623","value":"12.6003","recvAmount":"1","finalValue":"12.6003"},
{"oper":"624","value":"4.5531","recvAmount":"1","finalValue":"4.5531"},
{"oper":"625","value":"18.019","recvAmount":"100","finalValue":"1801.9"},
{"oper":"626","value":"2.0729","recvAmount":"1","finalValue":"2.0729"},
{"oper":"627","value":"1.5927","recvAmount":"1","finalValue":"1.5927"},
{"oper":"628","value":"5.1419","recvAmount":"1","finalValue":"5.1419"},
{"oper":"629","value":"2.2029","recvAmount":"1","finalValue":"2.2029"},
{"oper":"630","value":"0.1714","recvAmount":"100","finalValue":"17.14"},
{"oper":"631","value":"25.5635","recvAmount":"1","finalValue":"25.5635"},
{"oper":"632","value":"21.1848","recvAmount":"1","finalValue":"21.1848"},
{"oper":"633","value":"17.9967","recvAmount":"1","finalValue":"17.9967"},
{"oper":"634","value":"0.2368","recvAmount":"1","finalValue":"0.2368"},
{"oper":"635","value":"4.322","recvAmount":"1","finalValue":"4.322"},
{"oper":"636","value":"0.6438","recvAmount":"1","finalValue":"0.6438"},
{"oper":"637","value":"4.8998","recvAmount":"1","finalValue":"4.8998"},
{"oper":"638","value":"1.7196","recvAmount":"10","finalValue":"17.196"},
{"oper":"639","value":"0.3394","recvAmount":"10","finalValue":"3.394"},
{"oper":"640","value":"13.7629","recvAmount":"1","finalValue":"13.7629"},
{"oper":"641","value":"10.6016","recvAmount":"1","finalValue":"10.6016"},
{"oper":"642","value":"10.8349","recvAmount":"1","finalValue":"10.8349"},
{"oper":"643","value":"6.8575","recvAmount":"1","finalValue":"6.8575"},
{"oper":"644","value":"14.3001","recvAmount":"1","finalValue":"14.3001"},
{"oper":"645","value":"19.1495","recvAmount":"1","finalValue":"19.1495"},
{"oper":"646","value":"2.7427","recvAmount":"1","finalValue":"2.7427"},
{"oper":"647","value":"0.8119","recvAmount":"1","finalValue":"0.8119"},
{"oper":"648","value":"2.849","recvAmount":"1","finalValue":"2.849"},
{"oper":"649","value":"24.8886","recvAmount":"1","finalValue":"24.8886"},
{"oper":"650","value":"5.3208","recvAmount":"1","finalValue":"5.3208"},
{"oper":"651","value":"2.3153","recvAmount":"1","finalValue":"2.3153"},
{"oper":"652","value":"2.7978","recvAmount":"1","finalValue":"2.7978"},
{"oper":"653","value":"5.838","recvAmount":"100","finalValue":"583.8"},
{"oper":"654","value":"5.3927","recvAmount":"1","finalValue":"5.3927"},
{"oper":"655","value":"2.4762","recvAmount":"10","finalValue":"24.762"},
{"oper":"656","value":"1.4049","recvAmount":"10","finalValue":"14.049"},
{"oper":"657","value":"16.4256","recvAmount":"100","finalValue":"1642.56"},
{"oper":"658","value":"2.1221","recvAmount":"10","finalValue":"21.221"},
{"oper":"659","value":"1.5903","recvAmount":"100","finalValue":"159.03"},
{"oper":"660","value":"59.5523","recvAmount":"1","finalValue":"59.5523"},
{"oper":"661","value":"0.4243","recvAmount":"10","finalValue":"4.243"},
{"oper":"662","value":"3.4405","recvAmount":"10","finalValue":"34.405"},
{"oper":"663","value":"4.3455","recvAmount":"1","finalValue":"4.3455"},
{"oper":"664","value":"2.0996","recvAmount":"1","finalValue":"2.0996"},
{"oper":"665","value":"12.6003","recvAmount":"1","finalValue":"12.6003"},
{"oper":"666","value":"4.5531","recvAmount":"1","finalValue":"4.5531"},
{"oper":"667","value":"18.019","recvAmount":"100","finalValue":"1801.9"},
{"oper":"668","value":"2.0729","recvAmount":"1","finalValue":"2.0729"},
{"oper":"669","value":"1.5927","recvAmount":"1","finalValue":"1.5927"},
{"oper":"670","value":"5.1419","recvAmount":"1","finalValue":"5.1419"},
{"oper":"671","value":"2.2029","recvAmount":"1","finalValue":"2.2029"},
{"oper":"672","value":"0.1714","recvAmount":"100","finalValue":"17.14"},
{"oper":"673","value":"25.5635","recvAmount":"1","finalValue":"25.5635"},
{"oper":"674","value":"21.1848","recvAmount":"1","finalValue":"21.1848"},
{"oper":"675","value":"17.9967","recvAmount":"1","finalValue":"17.9967"},
{"oper":"676","value":"0.2368","recvAmount":"1","finalValue":"0.2368"},
{"oper":"677","value":"4.322","recvAmount":"1","finalValue":"4.322"},
{"oper":"678","value":"0.6438","recvAmount":"1","finalValue":"0.6438"},
{"oper":"679","value":"4.8998","recvAmount":"1","finalValue":"4.8998"},
{"oper":"680","value":"1.7196","recvAmount":"10","finalValue":"17.196"},
{"oper":"681","value":"0.3394","recvAmount":"10","finalValue":"3.394"},
{"oper":"682","value":"13.7629","recvAmount":"1","finalValue":"13.7629"},
{"oper":"683","value":"10.6016","recvAmount":"1","finalValue":"10.6016"},
{"oper":"684","value":"10.8349","recvAmount":"1","finalValue":"10.8349"},
{"oper":"685","value":"6.8575","recvAmount":"1","finalValue":"6.8575"},
{"oper":"686","value":"14.3001","recvAmount":"1","finalValue":"14.3001"},
{"oper":"687","value":"19.1495","recvAmount":"1","finalValue":"19.1495"},
{"oper":"688","value":"2.7427","recvAmount":"1","finalValue":"2.7427"},
{"oper":"689","value":"0.8119","recvAmount":"1","finalValue":"0.8119"},
{"oper":"690","value":"2.849","recvAmount":"1","finalValue":"2.849"},
{"oper":"691","value":"24.8886","recvAmount":"1","finalValue":"24.8886"},
{"oper":"692","value":"5.3208","recvAmount":"1","finalValue":"5.3208"},
{"oper":"693","value":"2.3153","recvAmount":"1","finalValue":"2.3153"},
{"oper":"694","value":"2.7978","recvAmount":"1","finalValue":"2.7978"},
{"oper":"695","value":"5.838","recvAmount":"100","finalValue":"583.8"},
{"oper":"696","value":"5.3927","recvAmount":"1","finalValue":"5.3927"},
{"oper":"697","value":"2.4762","recvAmount":"10","finalValue":"24.762"},
{"oper":"698","value":"1.4049","recvAmount":"10","finalValue":"14.049"},
{"oper":"699","value":"16.4256","recvAmount":"100","finalValue":"1642.56"},
{"oper":"700","value":"2.1221","recvAmount":"10","finalValue":"21.221"},
{"oper":"701","value":"1.5903","recvAmount":"100","finalValue":"159.03"},
{"oper":"702","value":"59.5523","recvAmount":"1","finalValue":"59.5523"},
{"oper":"703","value":"0.4243","recvAmount":"10","finalValue":"4.243"},
{"oper":"704","value":"3.4405","recvAmount":"10","finalValue":"34.405"},
{"oper":"705","value":"4.3455","recvAmount":"1","finalValue":"4.3455"},
{"oper":"706","value":"2.0996","recvAmount":"1","finalValue":"2.0996"},
{"oper":"707","value":"12.6003","recvAmount":"1","finalValue":"12.6003"},
{"oper":"708","value":"4.5531","recvAmount":"1","finalValue":"4.5531"},
{"oper":"709","value":"18.019","recvAmount":"100","finalValue":"1801.9"},
{"oper":"710","value":"2.0729","recvAmount":"1","finalValue":"2.0729"},
{"oper":"711","value":"1.5927","recvAmount":"1","finalValue":"1.5927"},
{"oper":"712","value":"5.1419","recvAmount":"1","finalValue":"5.1419"},
{"oper":"713","value":"2.2029","recvAmount":"1","finalValue":"2.2029"},
{"oper":"714","value":"0.1714","recvAmount":"100","finalValue":"17.14"},
{"oper":"715","value":"25.5635","recvAmount":"1","finalValue":"25.5635"},
{"oper":"716","value":"21.1848","recvAmount":"1","finalValue":"21.1848"},
{"oper":"717","value":"17.9967","recvAmount":"1","finalValue":"17.9967"},
{"oper":"718","value":"0.2368","recvAmount":"1","finalValue":"0.2368"},
{"oper":"719","value":"4.322","recvAmount":"1","finalValue":"4.322"},
{"oper":"720","value":"0.6438","recvAmount":"1","finalValue":"0.6438"},
{"oper":"721","value":"4.8998","recvAmount":"1","finalValue":"4.8998"},
{"oper":"722","value":"1.7196","recvAmount":"10","finalValue":"17.196"},
{"oper":"723","value":"0.3394","recvAmount":"10","finalValue":"3.394"},
{"oper":"724","value":"13.7629","recvAmount":"1","finalValue":"13.7629"},
{"oper":"725","value":"10.6016","recvAmount":"1","finalValue":"10.6016"},
{"oper":"726","value":"10.8349","recvAmount":"1","finalValue":"10.8349"},
{"oper":"727","value":"6.8575","recvAmount":"1","finalValue":"6.8575"},
{"oper":"728","value":"14.3001","recvAmount":"1","finalValue":"14.3001"},
{"oper":"729","value":"19.1495","recvAmount":"1","finalValue":"19.1495"},
{"oper":"730","value":"2.7427","recvAmount":"1","finalValue":"2.7427"},
{"oper":"731","value":"0.8119","recvAmount":"1","finalValue":"0.8119"},
{"oper":"732","value":"2.849","recvAmount":"1","finalValue":"2.849"},
{"oper":"733","value":"24.8886","recvAmount":"1","finalValue":"24.8886"},
{"oper":"734","value":"5.3208","recvAmount":"1","finalValue":"5.3208"},
{"oper":"735","value":"2.3153","recvAmount":"1","finalValue":"2.3153"},
{"oper":"736","value":"2.7978","recvAmount":"1","finalValue":"2.7978"},
{"oper":"737","value":"5.838","recvAmount":"100","finalValue":"583.8"},
{"oper":"738","value":"5.3927","recvAmount":"1","finalValue":"5.3927"},
{"oper":"739","value":"2.4762","recvAmount":"10","finalValue":"24.762"},
{"oper":"740","value":"1.4049","recvAmount":"10","finalValue":"14.049"},
{"oper":"741","value":"16.4256","recvAmount":"100","finalValue":"1642.56"},
{"oper":"742","value":"2.1221","recvAmount":"10","finalValue":"21.221"},
{"oper":"743","value":"1.5903","recvAmount":"100","finalValue":"159.03"},
{"oper":"744","value":"59.5523","recvAmount":"1","finalValue":"59.5523"},
{"oper":"745","value":"0.4243","recvAmount":"10","finalValue":"4.243"},
{"oper":"746","value":"3.4405","recvAmount":"10","finalValue":"34.405"},
{"oper":"747","value":"4.3455","recvAmount":"1","finalValue":"4.3455"},
{"oper":"748","value":"2.0996","recvAmount":"1","finalValue":"2.0996"},
{"oper":"749","value":"12.6003","recvAmount":"1","finalValue":"12.6003"},
{"oper":"750","value":"4.5531","recvAmount":"1","finalValue":"4.5531"},
{"oper":"751","value":"18.019","recvAmount":"100","finalValue":"1801.9"},
{"oper":"752","value":"2.0729","recvAmount":"1","finalValue":"2.0729"},
{"oper":"753","value":"1.5927","recvAmount":"1","finalValue":"1.5927"},
{"oper":"754","value":"5.1419","recvAmount":"1","finalValue":"5.1419"},
{"oper":"755","value":"2.2029","recvAmount":"1","finalValue":"2.2029"},
{"oper":"756","value":"0.1714","recvAmount":"100","finalValue":"17.14"},
{"oper":"757","value":"25.5635","recvAmount":"1","finalValue":"25.5635"},
{"oper":"758","value":"21.1848","recvAmount":"1","finalValue":"21.1848"},
{"oper":"759","value":"17.9967","recvAmount":"1","finalValue":"17.9967"},
{"oper":"760","value":"0.2368","recvAmount":"1","finalValue":"0.2368"},
{"oper":"761","value":"4.322","recvAmount":"1","finalValue":"4.322"},
{"oper":"762","value":"0.6438","recvAmount":"1","finalValue":"0.6438"},
{"oper":"763","value":"4.8998","recvAmount":"1","finalValue":"4.8998"},
{"oper":"764","value":"1.7196","recvAmount":"10","finalValue":"17.196"},
{"oper":"765","value":"0.3394","recvAmount":"10","finalValue":"3.394"},
{"oper":"766","value":"13.7629","recvAmount":"1","finalValue":"13.7629"},
{"oper":"767","value":"10.6016","recvAmount":"1","finalValue":"10.6016"},
{"oper":"768","value":"10.8349","recvAmount":"1","finalValue":"10.8349"},
{"oper":"769","value":"6.8575","recvAmount":"1","finalValue":"6.8575"},
{"oper":"770","value":"14.3001","recvAmount":"1","finalValue":"14.3001"},
{"oper":"771","value":"19.1495","recvAmount":"1","finalValue":"19.1495"},
{"oper":"772","value":"2.7427","recvAmount":"1","finalValue":"2.7427"},
{"oper":"773","value":"0.8119","recvAmount":"1","finalValue":"0.8119"},
{"oper":"774","value":"2.849","recvAmount":"1","finalValue":"2.849"},
{"oper":"775","value":"24.8886","recvAmount":"1","finalValue":"24.8886"},
{"oper":"776","value":"5.3208","recvAmount":"1","finalValue":"5.3208"},
{"oper":"777","value":"2.3153","recvAmount":"1","finalValue":"2.3153"},
{"oper":"778","value":"2.7978","recvAmount":"1","finalValue":"2.7978"},
{"oper":"779","value":"5.838","recvAmount":"100","finalValue":"583.8"},
{"oper":"780","value":"5.3927","recvAmount":"1","finalValue":"5.3927"},
{"oper":"781","value":"2.4762","recvAmount":"10","finalValue":"24.762"},
{"oper":"782","value":"1.4049","recvAmount":"10","finalValue":"14.049"},
{"oper":"783","value":"16.4256","recvAmount":"100","finalValue":"1642.56"},
{"oper":"784","value":"2.1221","recvAmount":"10","finalValue":"21.221"},
{"oper":"785","value":"1.5903","recvAmount":"100","finalValue":"159.03"},
{"oper":"786","value":"59.5523","recvAmount":"1","finalValue":"59.5523"},
{"oper":"787","value":"0.4243","recvAmount":"10","finalValue":"4.243"},
{"oper":"788","value":"3.4405","recvAmount":"10","finalValue":"34.405"},
{"oper":"789","value":"4.3455","recvAmount":"1","finalValue":"4.3455"},
{"oper":"790","value":"2.0996","recvAmount":"1","finalValue":"2.0996"},
{"oper":"791","value":"12.6003","recvAmount":"1","finalValue":"12.6003"},
{"oper":"792","value":"4.5531","recvAmount":"1","finalValue":"4.5531"},
{"oper":"793","value":"18.019","recvAmount":"100","finalValue":"1801.9"},
{"oper":"794","value":"2.0729","recvAmount":"1","finalValue":"2.0729"},
{"oper":"795","value":"1.5927","recvAmount":"1","finalValue":"1.5927"},
{"oper":"796","value":"5.1419","recvAmount":"1","finalValue":"5.1419"},
{"oper":"797","value":"2.2029","recvAmount":"1","finalValue":"2.2029"},
{"oper":"798","value":"0.1714","recvAmount":"100","finalValue":"17.14"},
{"oper":"799","value":"25.5635","recvAmount":"1","finalValue":"25.5635"},
{"oper":"800","value":"21.1848","recvAmount":"1","finalValue":"21.1848"},
{"oper":"801","value":"17.9967","recvAmount":"1","finalValue":"17.9967"},
{"oper":"802","value":"0.2368","recvAmount":"1","finalValue":"0.2368"},
{"oper":"803","value":"4.322","recvAmount":"1","finalValue":"4.322"},
{"oper":"804","value":"0.6438","recvAmount":"1","finalValue":"0.6438"},
{"oper":"805","value":"4.8998","recvAmount":"1","finalValue":"4.8998"},
{"oper":"806","value":"1.7196","recvAmount":"10","finalValue":"17.196"},
{"oper":"807","value":"0.3394","recvAmount":"10","finalValue":"3.394"},
{"oper":"808","value":"13.7629","recvAmount":"1","finalValue":"13.7629"},
{"oper":"809","value":"10.6016","recvAmount":"1","finalValue":"10.6016"},
{"oper":"810","value":"10.8349","recvAmount":"1","finalValue":"10.8349"},
{"oper":"811","value":"6.8575","recvAmount":"1","finalValue":"6.8575"},
{"oper":"812","value":"14.3001","recvAmount":"1","finalValue":"14.3001"},
{"oper":"813","value":"19.1495","recvAmount":"1","finalValue":"19.1495"},
{"oper":"814","value":"2.7427","recvAmount":"1","finalValue":"2.7427"},
{"oper":"815","value":"0.8119","recvAmount":"1","finalValue":"0.8119"},
{"oper":"816","value":"2.849","recvAmount":"1","finalValue":"2.849"},
{"oper":"817","value":"24.8886","recvAmount":"1","finalValue":"24.8886"},
{"oper":"818","value":"5.3208","recvAmount":"1","finalValue":"5.3208"},
{"oper":"819","value":"2.3153","recvAmount":"1","finalValue":"2.3153"},
{"oper":"820","value":"2.7978","recvAmount":"1","finalValue":"2.7978"},
{"oper":"821","value":"5.838","recvAmount":"100","finalValue":"583.8"},
{"oper":"822","value":"5.3927","recvAmount":"1","finalValue":"5.3927"},
{"oper":"823","value":"2.4762","recvAmount":"10","finalValue":"24.762"},
{"oper":"824","value":"1.4049","recvAmount":"10","finalValue":"14.049"},
{"oper":"825","value":"16.4256","recvAmount":"100","finalValue":"1642.56"},
{"oper":"826","value":"2.1221","recvAmount":"10","finalValue":"21.221"},
{"oper":"827","value":"1.5903","recvAmount":"100","finalValue":"159.03"},
{"oper":"828","value":"59.5523","recvAmount":"1","finalValue":"59.5523"},
{"oper":"829","value":"0.4243","recvAmount":"10","finalValue":"4.243"},
{"oper":"830","value":"3.4405","recvAmount":"10","finalValue":"34.405"},
{"oper":"831","value":"4.3455","recvAmount":"1","finalValue":"4.3455"},
{"oper":"832","value":"2.0996","recvAmount":"1","finalValue":"2.0996"},
{"oper":"833","value":"12.6003","recvAmount":"1","finalValue":"12.6003"},
{"oper":"834","value":"4.5531","recvAmount":"1","finalValue":"4.5531"},
{"oper":"835","value":"18.019","recvAmount":"100","finalValue":"1801.9"},
{"oper":"836","value":"2.0729","recvAmount":"1","finalValue":"2.0729"},
{"oper":"837","value":"1.5927","recvAmount":"1","finalValue":"1.5927"},
{"oper":"838","value":"5.1419","recvAmount":"1","finalValue":"5.1419"},
{"oper":"839","value":"2.2029","recvAmount":"1","finalValue":"2.2029"},
{"oper":"840","value":"0.1714","recvAmount":"100","finalValue":"17.14"},
{"oper":"841","value":"25.5635","recvAmount":"1","finalValue":"25.5635"},
{"oper":"842","value":"21.1848","recvAmount":"1","finalValue":"21.1848"},
{"oper":"843","value":"17.9967","recvAmount":"1","finalValue":"17.9967"},
{"oper":"844","value":"0.2368","recvAmount":"1","finalValue":"0.2368"},
{"oper":"845","value":"4.322","recvAmount":"1","finalValue":"4.322"},
{"oper":"846","value":"0.6438","recvAmount":"1","finalValue":"0.6438"},
{"oper":"847","value":"4.8998","recvAmount":"1","finalValue":"4.8998"},
{"oper":"848","value":"1.7196","recvAmount":"10","finalValue":"17.196"},
{"oper":"849","value":"0.3394","recvAmount":"10","finalValue":"3.394"},
{"oper":"850","value":"13.7629","recvAmount":"1","finalValue":"13.7629"},
{"oper":"851","value":"10.6016","recvAmount":"1","finalValue":"10.6016"},
{"oper":"852","value":"10.8349","recvAmount":"1","finalValue":"10.8349"},
{"oper":"853","value":"6.8575","recvAmount":"1","finalValue":"6.8575"},
{"oper":"854","value":"14.3001","recvAmount":"1","finalValue":"14.3001"},
{"oper":"855","value":"19.1495","recvAmount":"1","finalValue":"19.1495"},
{"oper":"856","value":"2.7427","recvAmount":"1","finalValue":"2.7427"},
{"oper":"857","value":"0.8119","recvAmount":"1","finalValue":"0.8119"},
{"oper":"858","value":"2.849","recvAmount":"1","finalValue":"2.849"},
{"oper":"859","value":"24.8886","recvAmount":"1","finalValue":"24.8886"},
{"oper":"860","value":"5.3208","recvAmount":"1","finalValue":"5.3208"},
{"oper":"861","value":"2.3153","recvAmount":"1","finalValue":"2.3153"},
{"oper":"862","value":"2.7978","recvAmount":"1","finalValue":"2.7978"},
{"oper":"863","value":"5.838","recvAmount":"100","finalValue":"583.8"},
{"oper":"864","value":"5.3927","recvAmount":"1","finalValue":"5.3927"},
{"oper":"865","value":"2.4762","recvAmount":"10","finalValue":"24.762"},
{"oper":"866","value":"1.4049","recvAmount":"10","finalValue":"14.049"},
{"oper":"867","value":"16.4256","recvAmount":"100","finalValue":"1642.56"},
{"oper":"868","value":"2.1221","recvAmount":"10","finalValue":"21.221"},
{"oper":"869","value":"1.5903","recvAmount":"100","finalValue":"159.03"},
{"oper":"870","value":"59.5523","recvAmount":"1","finalValue":"59.5523"},
{"oper":"871","value":"0.4243","recvAmount":"10","finalValue":"4.243"},
{"oper":"872","value":"3.4405","recvAmount":"10","finalValue":"34.405"},
{"oper":"873","value":"4.3455","recvAmount":"1","finalValue":"4.3455"},
{"oper":"874","value":"2.0996","recvAmount":"1","finalValue":"2.0996"},
{"oper":"875","value":"12.6003","recvAmount":"1","finalValue":"12.6003"},
{"oper":"876","value":"4.5531","recvAmount":"1","finalValue":"4.5531"},
{"oper":"877","value":"18.019","recvAmount":"100","finalValue":"1801.9"},
{"oper":"878","value":"2.0729","recvAmount":"1","finalValue":"2.0729"},
{"oper":"879","value":"1.5927","recvAmount":"1","finalValue":"1.5927"},
{"oper":"880","value":"5.1419","recvAmount":"1","finalValue":"5.1419"},
{"oper":"881","value":"2.2029","recvAmount":"1","finalValue":"2.2029"},
{"oper":"882","value":"0.1714","recvAmount":"100","finalValue":"17.14"},
{"oper":"883","value":"25.5635","recvAmount":"1","finalValue":"25.5635"},
{"oper":"884","value":"21.1848","recvAmount":"1","finalValue":"21.1848"},
{"oper":"885","value":"17.9967","recvAmount":"1","finalValue":"17.9967"},
{"oper":"886","value":"0.2368","recvAmount":"1","finalValue":"0.2368"},
{"oper":"887","value":"4.322","recvAmount":"1","finalValue":"4.322"},
{"oper":"888","value":"0.6438","recvAmount":"1","finalValue":"0.6438"},
{"oper":"889","value":"4.8998","recvAmount":"1","finalValue":"4.8998"},
{"oper":"890","value":"1.7196","recvAmount":"10","finalValue":"17.196"},
{"oper":"891","value":"0.3394","recvAmount":"10","finalValue":"3.394"},
{"oper":"892","value":"13.7629","recvAmount":"1","finalValue":"13.7629"},
{"oper":"893","value":"10.6016","recvAmount":"1","finalValue":"10.6016"},
{"oper":"894","value":"10.8349","recvAmount":"1","finalValue":"10.8349"},
{"oper":"895","value":"6.8575","recvAmount":"1","finalValue":"6.8575"},
{"oper":"896","value":"14.3001","recvAmount":"1","finalValue":"14.3001"},
{"oper":"897","value":"19.1495","recvAmount":"1","finalValue":"19.1495"},
{"oper":"898","value":"2.7427","recvAmount":"1","finalValue":"2.7427"},
{"oper":"899","value":"0.8119","recvAmount":"1","finalValue":"0.8119"},
{"oper":"900","value":"2.849","recvAmount":"1","finalValue":"2.849"},
{"oper":"901","value":"24.8886","recvAmount":"1","finalValue":"24.8886"},
{"oper":"902","value":"5.3208","recvAmount":"1","finalValue":"5.3208"},
{"oper":"903","value":"2.3153","recvAmount":"1","finalValue":"2.3153"},
{"oper":"904","value":"2.7978","recvAmount":"1","finalValue":"2.7978"},
{"oper":"905","value":"5.838","recvAmount":"100","finalValue":"583.8"},
{"oper":"906","value":"5.3927","recvAmount":"1","finalValue":"5.3927"},
{"oper":"907","value":"2.4762","recvAmount":"10","finalValue":"24.762"},
{"oper":"908","value":"1.4049","recvAmount":"10","finalValue":"14.049"},
{"oper":"909","value":"16.4256","recvAmount":"100","finalValue":"1642.56"},
{"oper":"910","value":"2.1221","recvAmount":"10","finalValue":"21.221"},
{"oper":"911","value":"1.5903","recvAmount":"100","finalValue":"159.03"},
{"oper":"912","value":"59.5523","recvAmount":"1","finalValue":"59.5523"},
{"oper":"913","value":"0.4243","recvAmount":"10","finalValue":"4.243"},
{"oper":"914","value":"3.4405","recvAmount":"10","finalValue":"34.405"},
{"oper":"915","value":"4.3455","recvAmount":"1","finalValue":"4.3455"},
{"oper":"916","value":"2.0996","recvAmount":"1","finalValue":"2.0996"},
{"oper":"917","value":"12.6003","recvAmount":"1","finalValue":"12.6003"},
{"oper":"918","value":"4.5531","recvAmount":"1","finalValue":"4.5531"},
{"oper":"919","value":"18.019","recvAmount":"100","finalValue":"1801.9"},
{"oper":"920","value":"2.0729","recvAmount":"1","finalValue":"2.0729"},
{"oper":"921","value":"1.5927","recvAmount":"1","finalValue":"1.5927"},
{"oper":"922","value":"5.1419","recvAmount":"1","finalValue":"5.1419"},
{"oper":"923","value":"2.2029","recvAmount":"1","finalValue":"2.2029"},
{"oper":"924","value":"0.1714","recvAmount":"100","finalValue":"17.14"},
{"oper":"925","value":"25.5635","recvAmount":"1","finalValue":"25.5635"},
{"oper":"926","value":"21.1848","recvAmount":"1","finalValue":"21.1848"},
{"oper":"927","value":"17.9967","recvAmount":"1","finalValue":"17.9967"},
{"oper":"928","value":"0.2368","recvAmount":"1","finalValue":"0.2368"},
{"oper":"929","value":"4.322","recvAmount":"1","finalValue":"4.322"},
{"oper":"930","value":"0.6438","recvAmount":"1","finalValue":"0.6438"},
{"oper":"931","value":"4.8998","recvAmount":"1","finalValue":"4.8998"},
{"oper":"932","value":"1.7196","recvAmount":"10","finalValue":"17.196"},
{"oper":"933","value":"0.3394","recvAmount":"10","finalValue":"3.394"},
{"oper":"934","value":"13.7629","recvAmount":"1","finalValue":"13.7629"},
{"oper":"935","value":"10.6016","recvAmount":"1","finalValue":"10.6016"},
{"oper":"936","value":"10.8349","recvAmount":"1","finalValue":"10.8349"},
{"oper":"937","value":"6.8575","recvAmount":"1","finalValue":"6.8575"},
{"oper":"938","value":"14.3001","recvAmount":"1","finalValue":"14.3001"},
{"oper":"939","value":"19.1495","recvAmount":"1","finalValue":"19.1495"},
{"oper":"940","value":"2.7427","recvAmount":"1","finalValue":"2.7427"},
{"oper":"941","value":"0.8119","recvAmount":"1","finalValue":"0.8119"},
{"oper":"942","value":"2.849","recvAmount":"1","finalValue":"2.849"},
{"oper":"943","value":"24.8886","recvAmount":"1","finalValue":"24.8886"},
{"oper":"944","value":"5.3208","recvAmount":"1","finalValue":"5.3208"},
{"oper":"945","value":"2.3153","recvAmount":"1","finalValue":"2.3153"},
{"oper":"946","value":"2.7978","recvAmount":"1","finalValue":"2.7978"},
{"oper":"947","value":"5.838","recvAmount":"100","finalValue":"583.8"},
{"oper":"948","value":"5.3927","recvAmount":"1","finalValue":"5.3927"},
{"oper":"949","value":"2.4762","recvAmount":"10","finalValue":"24.762"},
{"oper":"950","value":"1.4049","recvAmount":"10","finalValue":"14.049"},
{"oper":"951","value":"16.4256","recvAmount":"100","finalValue":"1642.56"},
{"oper":"952","value":"2.1221","recvAmount":"10","finalValue":"21.221"},
{"oper":"953","value":"1.5903","recvAmount":"100","finalValue":"159.03"},
{"oper":"954","value":"59.5523","recvAmount":"1","finalValue":"59.5523"},
{"oper":"955","value":"0.4243","recvAmount":"10","finalValue":"4.243"},
{"oper":"956","value":"3.4405","recvAmount":"10","finalValue":"34.405"},
{"oper":"957","value":"4.3455","recvAmount":"1","finalValue":"4.3455"},
{"oper":"958","value":"2.0996","recvAmount":"1","finalValue":"2.0996"},
{"oper":"959","value":"12.6003","recvAmount":"1","finalValue":"12.6003"},
{"oper":"960","value":"4.5531","recvAmount":"1","finalValue":"4.5531"},
{"oper":"961","value":"18.019","recvAmount":"100","finalValue":"1801.9"},
{"oper":"962","value":"2.0729","recvAmount":"1","finalValue":"2.0729"},
{"oper":"963","value":"1.5927","recvAmount":"1","finalValue":"1.5927"},
{"oper":"964","value":"5.1419","recvAmount":"1","finalValue":"5.1419"},
{"oper":"965","value":"2.2029","recvAmount":"1","finalValue":"2.2029"},
{"oper":"966","value":"0.1714","recvAmount":"100","finalValue":"17.14"},
{"oper":"967","value":"25.5635","recvAmount":"1","finalValue":"25.5635"}
]
}
,{"type":"table","name":"exchangerates","database":"exchange","data":
[
{"id":"1","currencyCode":"EUR","amount":"1","value":"21.1848","insert_date":"2021-03-30 08:41:30"},
{"id":"2","currencyCode":"USD","amount":"1","value":"17.9967","insert_date":"2021-03-30 08:41:30"},
{"id":"3","currencyCode":"RUB","amount":"1","value":"0.2368","insert_date":"2021-03-30 08:41:30"},
{"id":"4","currencyCode":"RON","amount":"1","value":"4.322","insert_date":"2021-03-30 08:41:30"},
{"id":"5","currencyCode":"UAH","amount":"1","value":"0.6438","insert_date":"2021-03-30 08:41:30"},
{"id":"6","currencyCode":"AED","amount":"1","value":"4.8998","insert_date":"2021-03-30 08:41:30"},
{"id":"7","currencyCode":"ALL","amount":"10","value":"1.7196","insert_date":"2021-03-30 08:41:30"},
{"id":"8","currencyCode":"AMD","amount":"10","value":"0.3394","insert_date":"2021-03-30 08:41:30"},
{"id":"9","currencyCode":"AUD","amount":"1","value":"13.7629","insert_date":"2021-03-30 08:41:31"},
{"id":"10","currencyCode":"AZN","amount":"1","value":"10.6016","insert_date":"2021-03-30 08:41:31"},
{"id":"11","currencyCode":"BGN","amount":"1","value":"10.8349","insert_date":"2021-03-30 08:41:31"},
{"id":"12","currencyCode":"BYN","amount":"1","value":"6.8575","insert_date":"2021-03-30 08:41:31"},
{"id":"13","currencyCode":"CAD","amount":"1","value":"14.3001","insert_date":"2021-03-30 08:41:31"},
{"id":"14","currencyCode":"CHF","amount":"1","value":"19.1495","insert_date":"2021-03-30 08:41:31"},
{"id":"15","currencyCode":"CNY","amount":"1","value":"2.7427","insert_date":"2021-03-30 08:41:31"},
{"id":"16","currencyCode":"CZK","amount":"1","value":"0.8119","insert_date":"2021-03-30 08:41:31"},
{"id":"17","currencyCode":"DKK","amount":"1","value":"2.849","insert_date":"2021-03-30 08:41:31"},
{"id":"18","currencyCode":"GBP","amount":"1","value":"24.8886","insert_date":"2021-03-30 08:41:31"},
{"id":"19","currencyCode":"GEL","amount":"1","value":"5.3208","insert_date":"2021-03-30 08:41:31"},
{"id":"20","currencyCode":"HKD","amount":"1","value":"2.3153","insert_date":"2021-03-30 08:41:31"},
{"id":"21","currencyCode":"HRK","amount":"1","value":"2.7978","insert_date":"2021-03-30 08:41:31"},
{"id":"22","currencyCode":"HUF","amount":"100","value":"5.838","insert_date":"2021-03-30 08:41:31"},
{"id":"23","currencyCode":"ILS","amount":"1","value":"5.3927","insert_date":"2021-03-30 08:41:31"},
{"id":"24","currencyCode":"INR","amount":"10","value":"2.4762","insert_date":"2021-03-30 08:41:31"},
{"id":"25","currencyCode":"ISK","amount":"10","value":"1.4049","insert_date":"2021-03-30 08:41:31"},
{"id":"26","currencyCode":"JPY","amount":"100","value":"16.4256","insert_date":"2021-03-30 08:41:31"},
{"id":"27","currencyCode":"KGS","amount":"10","value":"2.1221","insert_date":"2021-03-30 08:41:31"},
{"id":"28","currencyCode":"KRW","amount":"100","value":"1.5903","insert_date":"2021-03-30 08:41:31"},
{"id":"29","currencyCode":"KWD","amount":"1","value":"59.5523","insert_date":"2021-03-30 08:41:31"},
{"id":"30","currencyCode":"KZT","amount":"10","value":"0.4243","insert_date":"2021-03-30 08:41:31"},
{"id":"31","currencyCode":"MKD","amount":"10","value":"3.4405","insert_date":"2021-03-30 08:41:31"},
{"id":"32","currencyCode":"MYR","amount":"1","value":"4.3455","insert_date":"2021-03-30 08:41:31"},
{"id":"33","currencyCode":"NOK","amount":"1","value":"2.0996","insert_date":"2021-03-30 08:41:31"},
{"id":"34","currencyCode":"NZD","amount":"1","value":"12.6003","insert_date":"2021-03-30 08:41:31"},
{"id":"35","currencyCode":"PLN","amount":"1","value":"4.5531","insert_date":"2021-03-30 08:41:31"},
{"id":"36","currencyCode":"RSD","amount":"100","value":"18.019","insert_date":"2021-03-30 08:41:31"},
{"id":"37","currencyCode":"SEK","amount":"1","value":"2.0729","insert_date":"2021-03-30 08:41:31"},
{"id":"38","currencyCode":"TJS","amount":"1","value":"1.5927","insert_date":"2021-03-30 08:41:31"},
{"id":"39","currencyCode":"TMT","amount":"1","value":"5.1419","insert_date":"2021-03-30 08:41:31"},
{"id":"40","currencyCode":"TRY","amount":"1","value":"2.2029","insert_date":"2021-03-30 08:41:31"},
{"id":"41","currencyCode":"UZS","amount":"100","value":"0.1714","insert_date":"2021-03-30 08:41:31"},
{"id":"42","currencyCode":"XDR","amount":"1","value":"25.5635","insert_date":"2021-03-30 08:41:31"}
]
}
]
